,Overall Score,Correctness Score,Completeness Score,Relevance Score,Fluency Score,Conciseness Score
Overall Score,1.0,0.9602040285148119,0.9481337660428589,0.9766814088627113,0.9420089323404581,0.9202920490391608
Correctness Score,0.9602040285148119,1.0,0.9356857764791797,0.9721250642306635,0.8396780411579666,0.8027641506993489
Completeness Score,0.9481337660428589,0.9356857764791797,1.0,0.9332506343922128,0.8401276466089593,0.7928705070904525
Relevance Score,0.9766814088627113,0.9721250642306635,0.9332506343922128,1.0,0.8747950271515259,0.8507206383742593
Fluency Score,0.9420089323404581,0.8396780411579666,0.8401276466089593,0.8747950271515259,1.0,0.9271855300606247
Conciseness Score,0.9202920490391608,0.8027641506993489,0.7928705070904525,0.8507206383742593,0.9271855300606247,1.0
