,LN_AttnOnly,LN_FFNonly,LN_baseModel,LN_noNorm,RMSN_AttnOnly,RMSN_FFNonly,RMSN_baseModel,RMSN_noNorm
LN_AttnOnly,1.0,1.0,2.212586763570237e-14,1.0,1.0,1.0,1.1686214381010914e-14,1.0
LN_FFNonly,1.0,1.0,2.212586763570237e-14,1.0,1.0,1.0,1.1686214381010914e-14,1.0
LN_baseModel,2.212586763570237e-14,2.212586763570237e-14,1.0,2.212586763570237e-14,2.212586763570237e-14,2.212586763570237e-14,1.0,2.212586763570237e-14
LN_noNorm,1.0,1.0,2.212586763570237e-14,1.0,1.0,1.0,1.1686214381010914e-14,1.0
RMSN_AttnOnly,1.0,1.0,2.212586763570237e-14,1.0,1.0,1.0,1.1686214381010914e-14,1.0
RMSN_FFNonly,1.0,1.0,2.212586763570237e-14,1.0,1.0,1.0,1.1686214381010914e-14,1.0
RMSN_baseModel,1.1686214381010914e-14,1.1686214381010914e-14,1.0,1.1686214381010914e-14,1.1686214381010914e-14,1.1686214381010914e-14,1.0,1.1686214381010914e-14
RMSN_noNorm,1.0,1.0,2.212586763570237e-14,1.0,1.0,1.0,1.1686214381010914e-14,1.0
