,LN_AttnOnly,LN_FFNonly,LN_baseModel,LN_noNorm,RMSN_AttnOnly,RMSN_FFNonly,RMSN_baseModel,RMSN_noNorm
LN_AttnOnly,1.0,1.0,4.5001487211762216e-11,1.0,1.0,1.0,3.26455359209194e-10,1.0
LN_FFNonly,1.0,1.0,4.5001487211762216e-11,1.0,1.0,1.0,3.26455359209194e-10,1.0
LN_baseModel,4.5001487211762216e-11,4.5001487211762216e-11,1.0,4.5001487211762216e-11,4.5001487211762216e-11,4.5001487211762216e-11,1.0,4.5001487211762216e-11
LN_noNorm,1.0,1.0,4.5001487211762216e-11,1.0,1.0,1.0,3.26455359209194e-10,1.0
RMSN_AttnOnly,1.0,1.0,4.5001487211762216e-11,1.0,1.0,1.0,3.26455359209194e-10,1.0
RMSN_FFNonly,1.0,1.0,4.5001487211762216e-11,1.0,1.0,1.0,3.26455359209194e-10,1.0
RMSN_baseModel,3.26455359209194e-10,3.26455359209194e-10,1.0,3.26455359209194e-10,3.26455359209194e-10,3.26455359209194e-10,1.0,3.26455359209194e-10
RMSN_noNorm,1.0,1.0,4.5001487211762216e-11,1.0,1.0,1.0,3.26455359209194e-10,1.0
