,LN_AttnOnly,LN_FFNonly,LN_baseModel,LN_noNorm,RMSN_AttnOnly,RMSN_FFNonly,RMSN_baseModel,RMSN_noNorm
LN_AttnOnly,1.0,1.0,1.317185363597804e-11,1.0,1.0,1.0,6.137439296141144e-09,1.0
LN_FFNonly,1.0,1.0,1.317185363597804e-11,1.0,1.0,1.0,6.137439296141144e-09,1.0
LN_baseModel,1.317185363597804e-11,1.317185363597804e-11,1.0,1.317185363597804e-11,1.317185363597804e-11,1.317185363597804e-11,1.0,1.317185363597804e-11
LN_noNorm,1.0,1.0,1.317185363597804e-11,1.0,1.0,1.0,6.137439296141144e-09,1.0
RMSN_AttnOnly,1.0,1.0,1.317185363597804e-11,1.0,1.0,1.0,6.137439296141144e-09,1.0
RMSN_FFNonly,1.0,1.0,1.317185363597804e-11,1.0,1.0,1.0,6.137439296141144e-09,1.0
RMSN_baseModel,6.137439296141144e-09,6.137439296141144e-09,1.0,6.137439296141144e-09,6.137439296141144e-09,6.137439296141144e-09,1.0,6.137439296141144e-09
RMSN_noNorm,1.0,1.0,1.317185363597804e-11,1.0,1.0,1.0,6.137439296141144e-09,1.0
