statistic,p-value
8.097990430622634,0.32403261531576094
