statistic,p-value
7.541052631578702,0.37479489020783824
