statistic,p-value
14.509820798059357,0.042822038418593264
