statistic,p-value
9.200639720849123,0.23857019867898105
