statistic,p-value
12.766669697305199,0.07800167601080393
