statistic,p-value
117.42265246714052,2.6350579237715296e-22
