statistic,p-value
193.73757093975377,2.429632483492716e-38
