statistic,p-value
189.98905861606997,1.508442549556855e-37
