statistic,p-value
196.57176849890953,6.105317541763856e-39
