statistic,p-value
143.9307041173584,7.62454316148449e-28
