statistic,p-value
139.1148456996149,7.790044718170625e-27
