,Overall Score,Creativity Score,Coherence Score,Fluency Score,Relevance Score,Engagement Score
Overall Score,1.0,0.9428993866582198,0.9218302405358657,0.9590839711417213,0.9052692633175607,0.9308155185265132
Creativity Score,0.9428993866582198,1.0,0.7808776948320368,0.8936591290139954,0.8228770348211293,0.892870140117763
Coherence Score,0.9218302405358657,0.7808776948320368,1.0,0.8898267270642646,0.7965552145552567,0.8634017236615833
Fluency Score,0.9590839711417213,0.8936591290139954,0.8898267270642646,1.0,0.8040239902548659,0.8714514146714198
Relevance Score,0.9052692633175607,0.8228770348211293,0.7965552145552567,0.8040239902548659,1.0,0.7539775271441392
Engagement Score,0.9308155185265132,0.892870140117763,0.8634017236615833,0.8714514146714198,0.7539775271441392,1.0
