statistic,p-value
5.074571966829784,0.6508631906050201
