statistic,p-value
2.180121357808063,0.9492019046770281
