statistic,p-value
1.919120032313029,0.9641808444082491
