,LN_AttnOnly,LN_FFNonly,LN_baseModel,LN_noNorm,RMSN_AttnOnly,RMSN_FFNonly,RMSN_baseModel,RMSN_noNorm
LN_AttnOnly,1.0,1.0,2.929127920351939e-08,1.0,1.0,1.0,4.198615242164213e-09,1.0
LN_FFNonly,1.0,1.0,2.929127920351939e-08,1.0,1.0,1.0,4.198615242164213e-09,1.0
LN_baseModel,2.929127920351939e-08,2.929127920351939e-08,1.0,2.929127920351939e-08,2.929127920351939e-08,2.929127920351939e-08,1.0,2.929127920351939e-08
LN_noNorm,1.0,1.0,2.929127920351939e-08,1.0,1.0,1.0,4.198615242164213e-09,1.0
RMSN_AttnOnly,1.0,1.0,2.929127920351939e-08,1.0,1.0,1.0,4.198615242164213e-09,1.0
RMSN_FFNonly,1.0,1.0,2.929127920351939e-08,1.0,1.0,1.0,4.198615242164213e-09,1.0
RMSN_baseModel,4.198615242164213e-09,4.198615242164213e-09,1.0,4.198615242164213e-09,4.198615242164213e-09,4.198615242164213e-09,1.0,4.198615242164213e-09
RMSN_noNorm,1.0,1.0,2.929127920351939e-08,1.0,1.0,1.0,4.198615242164213e-09,1.0
