,LN_AttnOnly,LN_FFNonly,LN_baseModel,LN_noNorm,RMSN_AttnOnly,RMSN_FFNonly,RMSN_baseModel,RMSN_noNorm
LN_AttnOnly,1.0,1.0,3.352787449905231e-13,1.0,1.0,1.0,7.298258328793383e-15,1.0
LN_FFNonly,1.0,1.0,3.352787449905231e-13,1.0,1.0,1.0,7.298258328793383e-15,1.0
LN_baseModel,3.352787449905231e-13,3.352787449905231e-13,1.0,3.352787449905231e-13,3.352787449905231e-13,3.352787449905231e-13,1.0,3.352787449905231e-13
LN_noNorm,1.0,1.0,3.352787449905231e-13,1.0,1.0,1.0,7.298258328793383e-15,1.0
RMSN_AttnOnly,1.0,1.0,3.352787449905231e-13,1.0,1.0,1.0,7.298258328793383e-15,1.0
RMSN_FFNonly,1.0,1.0,3.352787449905231e-13,1.0,1.0,1.0,7.298258328793383e-15,1.0
RMSN_baseModel,7.298258328793383e-15,7.298258328793383e-15,1.0,7.298258328793383e-15,7.298258328793383e-15,7.298258328793383e-15,1.0,7.298258328793383e-15
RMSN_noNorm,1.0,1.0,3.352787449905231e-13,1.0,1.0,1.0,7.298258328793383e-15,1.0
