statistic,p-value
6.942266360182854,0.4349157565114443
