statistic,p-value
1.841052695961115,0.9681115908286035
