statistic,p-value
1.8807027545204287,0.9661469983815051
