statistic,p-value
2.429678240227053,0.9322986274089214
