Metric,F-value,p-value
Overall Score,0.35639306625539113,0.9262817670709497
Correctness Score,0.2058726492906631,0.9838485181299775
Completeness Score,0.2439695038120236,0.9736038268060903
Relevance Score,0.2733041884078409,0.9637002328743073
Fluency Score,0.3918367346938775,0.9063886553260239
Conciseness Score,0.8374948833401556,0.5574334741812941
