Model,Time Taken,Initial_Loss,Initial_Grad,Max_Steps,Loss_Final,Grad_Final,Loss_Mean_1k,Grad_Mean_1k,Loss_Mean_2k,Grad_Mean_2k,Loss_Mean_3k,Grad_Mean_3k,Loss_Mean_4k,Grad_Mean_4k
RMSN-AttnOnly,1860.27553,6.6485,21.70179748535156,4709,1.5268,7.7714,3.1522,7.9444,2.002,8.0237,1.6984,7.9376,1.5824,7.7712
RMSN-baseModel,1860.30268,6.4476,24.65512084960937,4708,1.5231,7.7774,2.9692,8.9143,1.9672,7.9155,1.6834,7.9509,1.5718,7.8322
RMSN-FFNonly,1860.24554,6.4054,21.511703491210938,4708,1.7205,9.9112,3.3485,9.0485,2.2263,10.5467,1.9125,10.176,1.7883,9.9914
RMSN-noNorm,1830.29094,6.3322,16.270063400268555,4708,1.752,9.9893,3.4408,7.7518,2.2919,10.2992,1.9484,10.1042,1.8158,9.9559
LN-baseModel,1860.28002,6.3075,22.081449508666992,4709,1.5145,7.7849,2.9423,8.5233,1.9511,7.9909,1.6754,7.8307,1.5643,7.7878
LN-AttnOnly,1853.86425,6.239,18.33918571472168,4709,1.5651,7.4202,3.1163,7.0462,2.0251,7.4042,1.7304,7.382,1.6188,7.3946
LN-FFNonly,1858.84984,6.1524,23.106334686279297,4709,1.7261,10.0977,3.4244,9.4395,2.2808,11.0072,1.9261,10.4349,1.7982,10.1813
LN-noNorm,1853.96877,6.1059,18.864938735961918,4709,1.8135,10.2744,3.5458,7.4306,2.4833,10.7765,2.0402,10.7856,1.893,10.3172
