exact,f1,total,HasAns_exact,HasAns_f1,HasAns_total,NoAns_exact,NoAns_f1,NoAns_total,best_exact,best_exact_thresh,best_f1,best_f1_thresh,model_name,norm_type,variant
13.0,16.076190476190476,100,24.444444444444443,31.280423280423282,45,3.6363636363636362,3.6363636363636362,55,64.0,0.004844752140343189,65.03333333333333,0.007686202879995108,shng2025/GPT-Valkyrie_LN-124m__baseModel__SQuAD,LN,baseModel
23.0,26.055331510594666,100,37.77777777777778,44.567403356877044,45,10.909090909090908,10.909090909090908,55,58.0,1.0138514880964067e-05,58.0,1.0138514880964067e-05,shng2025/GPT-Valkyrie_LN-124m__noNorm__SQuAD,LN,noNorm
18.0,20.35117536122113,100,33.333333333333336,38.55816746938029,45,5.454545454545454,5.454545454545454,55,64.0,0.007211402524262667,64.4,0.007211402524262667,shng2025/GPT-Valkyrie_LN-124m__AttnOnly__SQuAD,LN,AttnOnly
21.0,26.294192804102988,100,37.77777777777778,49.542650675784415,45,7.2727272727272725,7.2727272727272725,55,63.0,0.0005042619304731488,64.58333333333333,0.0008705419604666531,shng2025/GPT-Valkyrie_LN-124m__FFNonly__SQuAD,LN,FFNonly
16.0,18.819510987257768,100,28.88888888888889,35.15446886057281,45,5.454545454545454,5.454545454545454,55,64.0,0.004007500130683184,65.15,0.004007500130683184,shng2025/GPT-Valkyrie_RMSN-124m__baseModel__SQuAD,RMSN,baseModel
21.0,24.265133390495706,100,40.0,47.25585197887935,45,5.454545454545454,5.454545454545454,55,62.0,0.0002150914806406945,62.888888888888886,0.0002150914806406945,shng2025/GPT-Valkyrie_RMSN-124m__noNorm__SQuAD,RMSN,noNorm
16.0,19.76852270705929,100,28.88888888888889,37.263383793465096,45,5.454545454545454,5.454545454545454,55,64.0,0.004029124043881893,65.93571428571428,0.004029124043881893,shng2025/GPT-Valkyrie_RMSN-124m__AttnOnly__SQuAD,RMSN,AttnOnly
25.0,28.83548835166631,100,42.22222222222222,50.74552967036958,45,10.909090909090908,10.909090909090908,55,63.0,0.0005163970054127276,63.93540051679586,0.0005163970054127276,shng2025/GPT-Valkyrie_RMSN-124m__FFNonly__SQuAD,RMSN,FFNonly
