model_name,exact_match_ratio,exact_match_count,total_samples,f1_score,avg_confidence,avg_no_answer_prob,norm_type,variant
shng2025/GPT-Valkyrie_LN-124m__baseModel__SQuAD,0.02,2,100,0.1393205128205128,0.6582381896781326,0.34176181020504337,LN,baseModel
shng2025/GPT-Valkyrie_LN-124m__noNorm__SQuAD,0.06,6,100,0.24583391053391054,0.8630626383132685,0.13693736144980773,LN,noNorm
shng2025/GPT-Valkyrie_LN-124m__AttnOnly__SQuAD,0.03,3,100,0.1875653861684546,0.7135572222586087,0.2864427774810348,LN,AttnOnly
shng2025/GPT-Valkyrie_LN-124m__FFNonly__SQuAD,0.04,4,100,0.23164863358493498,0.7529975650406242,0.24700243627439186,LN,FFNonly
shng2025/GPT-Valkyrie_RMSN-124m__baseModel__SQuAD,0.03,3,100,0.17676276276276276,0.6855048964836294,0.3144951031568648,RMSN,baseModel
shng2025/GPT-Valkyrie_RMSN-124m__noNorm__SQuAD,0.03,3,100,0.22456255115277657,0.7534052309721513,0.24659476972065278,RMSN,noNorm
shng2025/GPT-Valkyrie_RMSN-124m__AttnOnly__SQuAD,0.03,3,100,0.1809177537822841,0.6842321730841935,0.31576782686256855,RMSN,AttnOnly
shng2025/GPT-Valkyrie_RMSN-124m__FFNonly__SQuAD,0.06,6,100,0.2615841449400273,0.7478139579251359,0.25218604323494387,RMSN,FFNonly
