,Overall Score,Relevance Score,Conciseness Score,Fluency Score,Accuracy Score,Coherence Score
Overall Score,1.0,0.6593765245722744,0.5765323464803332,0.4380901726041367,0.6464188737732318,0.6306586944149387
Relevance Score,0.6593765245722744,1.0,0.500741233998521,-0.1533271192758429,0.6307298440428261,-3.4817781838694306e-16
Conciseness Score,0.5765323464803332,0.500741233998521,1.0,-0.11353937312571438,0.5293594403915634,0.09967533795377724
Fluency Score,0.4380901726041367,-0.1533271192758429,-0.11353937312571438,1.0,-0.12903062890902234,0.5070584660187452
Accuracy Score,0.6464188737732318,0.6307298440428261,0.5293594403915634,-0.12903062890902234,1.0,0.07824148907864897
Coherence Score,0.6306586944149387,-3.4817781838694306e-16,0.09967533795377724,0.5070584660187452,0.07824148907864897,1.0
